word,meaning,order,numbering
1,ある時刻からある時刻までの間。 ,1,1_1
1,時刻。 ,2,1_2
1,過去から現在を経て未来へと絶え間なく流れて行くもの。 ,3,1_3
1,一日の長さを24で割った長さ。60分の間。,4,1_4
2,物事やサービスの価値をお金で表現したもの。,1,2_1
3,電話機。 ,1,3_1
3,電話機を利用して話をすること。,2,3_2
4,地球上の全ての国を含む人類社会の全体。 ,1,4_1
4,特定の分野の人々の集団、社会や領域。 ,2,4_2
4,特定の分野や範囲。,3,4_3
5,数量や程度が一定の基準よりさらに高いこと。 ,1,5_1
5,先立って話したり書いたりした内容。 ,2,5_2
5,話や文の最後に使用し「終わり」を意味する言葉。 ,3,5_3
5,(用言の連体形に後接して)あることがすでに成り立っているのだから。 ,4,5_4
5,羅列した数量を合計すれば。,5,5_5
6,売り買いする物品。,1,6_1
7,歴史的にある基準により区分した期間。 ,1,7_1
7,現在の時期。または問題となるその時期。 ,2,7_2
7,個人の生涯のうちのある時期。 ,3,7_3
7,長い歳月が流れて古くなった感じがすること。,4,7_4
8,芸術創作活動で作った物。 ,1,8_1
8,実際の芸術作品ではないが、完成度が高く鑑賞の対象とし得るものを比喩的に表す言葉。,2,8_2
9,無くてはならないこと。またはそうしなければならないこと。,1,9_1
10,人間の人為的な開発、変更を経ていない状態や、そのような場所。 ,1,10_1
10,人の力が加えられず、自ずからあることが起きたり、ある状態が成立すること。 ,2,10_2
10,ぎこちなかったり、無理があったりしないこと。,3,10_3
11,ある目的のために、ものや手段を使うこと、用いること。,1,11_1
12,人の声や楽器を用いてリズム、メロディなどで美しい音を作り出す芸術。また、そのような活動の産物。,1,12_1
13,人や動物が一定の環境において活動し生きていくこと。 ,1,13_1
13,衣食住に必要な物品を用意して生存していくこと。生計。 ,2,13_2
13,(職業を表す言葉に後接し)特定の職業を持って生きていくこと。,3,13_3
14,解答を要求する問い。 ,1,14_1
14,論争、議論、研究などの対象。 ,2,14_2
14,悩ましいことやもめごと、トラブル。,3,14_3
15,しようと思えばできること。有り得ること。実現の余地があること。 ,1,15_1
15,可能性。 ,2,15_2
15,～かもしれない。〜する可能性がある。,3,15_3
16,二つ以上の事物や現象の間に存在する関連性。 ,1,16_1
16,人の間の繋がり。つて。コネ。 ,2,16_2
16,ある物事が別の物事に対して持つ影響。 または、そのような影響があること。 ,3,16_3
16,性交をやや婉曲的に表現する言葉。 ,4,16_4
16,あることのために。,5,16_5
16,あることに口を挟んだり、余計な注意を傾ける。余計な関心を持つ。,6,16_6
17,只今の時間。 ,1,17_1
17,今。只今。,2,17_2
18,高等教育を実施する教育機関。 ,1,18_1
18,一般人を対象にする教育機関や教育プログラム。,2,18_2
19,他人や対象を、自身の利益を満たすための方便として使う。 ,1,19_1
19,対象を必要に応じて使う。,2,19_2
20,ある行為によって引き起こされる良い結果。 ,1,20_1
20,演劇、映画などで音声、照明、映像などを利用して人為的にその場に合う雰囲気やリアルさを実感できるようにすること。,2,20_2
21,全体をいくつかに分けたものの一つ。,1,21_1
22,目的を成し遂げるために使う手段。,1,22_1
23,利益を得るために店、会社などの業務をすること。,1,23_1
24,ある対象の事情や内容などに対する知識。,1,24_1
25,普通の物事とは大いに区別され異なること。,1,25_1
26,あることをしたり、あることが起きたりすることを望むこと。 ,1,26_1
26,今後、きっとうまくいくだろうという思い。 ,2,26_2
26,今後、うまくいく可能性。,3,26_3
27,一定の人々の集団が共有する思考、行動、生活の方式。 ,1,27_1
27,学問、芸術、宗教などの精神活動及びこれに基づく生活様式。,2,27_2
28,何かをしたり作ったりする時、うまくできる能力。,1,28_1
29,色々な物事を可能にする重要な物事。 ,1,29_1
29,原則的に。基本的に。大部分。,2,29_2
30,言葉、文章、行為などが表す内容やメッセージ。 ,1,30_1
30,行為の価値や意義。,2,30_2
31,機械や設備などが、それ自体の内部の作用により動くこと。 ,1,31_1
31,あることが十分な考えや選択を経ずに、そのまますぐになされること。,2,31_2
32,文章や映像などに入っているもの。 ,1,32_1
32,容器、箱、包装などの中に入っている物。,2,32_2
33,他者の拘束を受けずに自身がしたいようにできる状態。,1,33_1
34,内容が少なかったり易しかったりして構造が単純であること。,1,34_1
35,物事や組織の真ん中。 ,1,35_1
35,様々な物事の中で最も重要なもの。 ,2,35_2
35,ある活動をするために作られた機構や場所。 ,3,35_3
35,確固とした主観や芯。,4,35_4
36,現在にとても近い過去の時。,1,36_1
37,集まり、行事などに入っていく。,1,37_1
38,夫婦になること。,1,38_1
39,平凡な普通の物事。 ,1,39_1
39,同じであること。,2,39_2
40,人間が集まって共同の政治体と規範の影響を受けつつ生活する場。 ,1,40_1
40,関心事や志向、仕事などが似た人々が集まって作った集団。,2,40_2
41,大勢の人がお金を積み立てておき、誰かに事故、災害などが起きた時そのお金を与え、損害を補償する制度、もしくは契約関係。 ,1,41_1
41,安全である。 ,2,41_2
41,保証する。,3,41_3
42,生徒や学生たちを教育する機関。,1,42_1
43,土地や天然資源を有用にすること。 ,1,43_1
43,新しい物、製品、技術などを作ること。 ,2,43_2
43,人間の能力を発達させること。,3,43_3
44,ある程度以上の年齢の人を尊重していう言葉。 ,1,44_1
44,生徒・学生を教える人。医者や政治家、教師など特定の職業を指す場合もある。 ,2,44_2
44,自分や他人の夫。,3,44_3
45,物事の高低、強弱などの程合い。 ,1,45_1
45,適当な数量、水準。 ,2,45_2
45,(数量表現の後に使って)ほど、ぐらい。,3,45_3
46,"人程度集まった。だいたい, ぐらい",1,46_1
47,あることについて議論したり技量を競ったりするために多くの人が参加する集まり。,1,47_1
48,ある対象について人の心に刻まれる感覚。,1,48_1
49,ある原因によって引き起こされたこと。 ,1,49_1
49,(用言の連体形の後について)そのことが原因や理由であることを表す。ため。,2,49_2
50,有ること。 ,1,50_1
50,有るもの。,2,50_2
51,いちばんはじめ。 ,1,51_1
51,いちばんはじめに。,2,51_2
52,必要な用具・付属品などを準備すること。また、その身仕度や機材。,1,52_1
53,金品・時間・体力などを使うこと。,1,53_1
54,意見や方法などを、適当なものとしてとり上げて用いること。 ,1,54_1
54,人を雇うこと。,2,54_2
55,ひとまとまりの物・事柄の全て。,1,55_1
56,空中を飛んで進むこと。,1,56_1
57,国と国に関係すること。,1,57_1
58,営利を目的とし、生産・販売・サービスなどの経済活動を継続的に行う組織体。,1,58_1
59,特定の学問や仕事にもっぱら従事すること。また、その学問や仕事。 ,1,59_1
59,ある範囲に限定されることを表す。 ,2,59_2
59,わざわざそのために、特別に。,3,59_3
60,真ん中。 ,1,60_1
60,物事の中心的な役目を果たすところや位置。,2,60_2
61,特別ではなく、ありふれていること。 ,1,61_1
61,一般に。たいてい。いつもは。,2,61_2
62,生活に必要なものを生産・分配・消費する活動と、その中で営まれる社会的つながり。 ,1,62_1
62,費用や手間のかからないこと。,2,62_2
63,現在の時代。,1,63_1
64,その時。そのころ。,1,64_1
65,現実のありさま。ありのままの様子。 ,1,65_1
65,具体的 ,2,65_2
65,本当に。 ,3,65_3
65,実際的、現実的,4,65_4
66,学校や塾などで学問、技芸などを学ぶ人。,1,66_1
67,預金を預かり、その金で貸し出し、手形取引などをする機関。 ,1,67_1
67,使うべき時に使えるように、必要なものを集めて保管しておく組織。,2,67_2
68,一時的によその土地へ行くこと。,1,68_1
69,何かを基準にして数量、大小、地位などがそれと同等かもしくはそれより小さい・低いこと。 ,1,69_1
69,文章で、ある部分より後の部分。,2,69_2
70,わかりやすく、明らかになるよう話すこと。 ,1,70_1
70,証明する。実例が我々に何かを物語る/教えてくれる。,2,70_2
71,目・鼻・耳・舌・皮膚などにより、外からの刺激を感じること。また、その刺激により生じる意識。 ,1,71_1
71,物事を感じとる心のはたらき。センス。 ,2,71_2
71,感じる、～という感じがする、～と思う,3,71_3
72,何かを実際にしたことがあること。またはそこで得た知識や技能。,1,72_1
73,盛んに活動すること。目ざましい働きをすること。 ,1,73_1
73,活発だ。活気がある。またはそのようにする。,2,73_2
74,多数の者に代わって、それらの人々の意思を表すこと。 ,1,74_1
74,象徴する。,2,74_2
75,情報を伝達すること。,1,75_1
76,あるものを所有する人。持ち主。所有者。 ,1,76_1
76,家や店のあるじ。客を招いてもてなす人。 ,2,76_2
76,夫。,3,76_3
77,心が安らかでなんの不安や心配もないこと。,1,77_1
78,ある範囲の外側。また、他の語に付いて、それを除くほかのものやこと。,1,78_1
79,精神的なものを、表情・身振り・言語・文字・色・音・形などで表すこと。また、表されたもの。 ,1,79_1
79,わざわざ自信があることを表す。(誇張するニュアンス),2,79_2
80,自分のおかれた状況がはっきりわかる心の状態。 ,1,80_1
80,社会的、歴史的に起こることを認識できる力。 ,2,80_2
80,考えが及び、気を使う。,3,80_3
81,普通ではなく緊急の状態。 ,1,81_1
81,程度がはなはだしいさま。 ,2,81_2
81,とても。たいそう。特別に。,3,81_3
82,体を動かし行動する。 ,1,82_1
82,ある目的のためにする一連の行動。 ,2,82_2
82,活発に動いたり作用すること。 ,3,82_3
82,固定されていない。ガタつく。 ,4,82_4
82,流動的である。融通がきく。,5,82_5
83,健康のために体を動かし鍛錬すること。 ,1,83_1
83,ある目的のために組織的に活動すること。 ,2,83_2
83,物体の位置が変わること。,3,83_3
84,社会の出来事を速報・解説・批判などして、広く知らせるための定期刊行物。 ,1,84_1
84,ニュース。,2,84_2
85,ある行為をしたり、ある結論に至ったりしたわけ、根拠。,1,85_1
86,ある目的に向かって教え導くこと。,1,86_1
87,理想や計画などを現実のものとすること。また、現実になること。,1,87_1
88,夫婦・親子など、一つの家で共に生活する人々の集まり。また、その場所。,1,88_1
89,物事の性質や状態などが変わること。,1,89_1
90,物体のある場所。 ,1,90_1
90,人の地位。立場。,2,90_2
91,共通の性質を持つ物ごとに分けたまとまり。,1,91_1
92,欠点や不足が何もないこと。条件が全てそろっていること。 ,1,92_1
92,（“完全に”の形で）条件が全てそろっていること。,2,92_2
93,研究、調査、判断、制作などの基礎となるもの。,1,93_1
94,同じ時。 ,1,94_1
94,二つの事実が両方ともそうであることを表すため、二つの言葉の間に使う言葉。,2,94_2
95,社会や集団を構成する一人一人の人間。また、職業・組織などを離れた私人。一個人。 ,1,95_1
95,個人的には。自称。私。(公式的な場で意見を述べる時に使う),2,95_2
96,ある共同体の代表者が、その構成員の意思をまとめてその共同体を運営すること。,1,96_1
97,全てができあがること。また、完全に仕上げること。,1,97_1
98,建築・工事のときや機械など物を作るときに、構造や製作の計画を図面に表すこと。 ,1,98_1
98,計画を立てること。,2,98_2
99,外部にはっきりと表し示すこと。 ,1,99_1
99,図や表にして示すこと。,2,99_2
100,美を表現しようとする創作活動。また、その作品。文学・絵画・彫刻・舞踊など。 ,1,100_1
100,技術。 ,2,100_2
100,芸術的だ。美しい。,3,100_3
101,出版物、貨幣、証券、証明書などを作って、広く世の中で通用するようにすること。,1,101_1
102,物事をはっきり決めること。決まること。また、決まった事柄。 ,1,102_1
102,あるものが別の何かがどうなるかについて大きく影響を与えること。,2,102_2
103,物事の中心となる非常に大切なこと。,1,103_1
104,物の値段を決めること。事物や人物の価値を善悪や優劣などを考慮、判断して定めること。,1,104_1
105,よいことと悪いこと。正しいことと間違っていること。 ,1,105_1
105,是か非かを言い争うこと。 ,2,105_2
105,必ず。きっと。なにとぞ。どうぞ。是が非でも。是非とも。,3,105_3
106,物事の一定のやり方・形式・手続き。,1,106_1
107,広く世に名が知られていること。,1,107_1
108,商品とするためにつくった品物。ある原料を加工してつくった品物。,1,108_1
109,ことの前後の事情や道理を考慮すれば、そうあってしかるべきだ。当たり前だ。 ,1,109_1
109,当たり前なさま。もっともであること。,2,109_2
110,達成しようと目指すもの。目指すところ。,1,110_1
111,物をつくり出すもとになる物。,1,111_1
112,物事を行う時。おり。ころ。また、それを行う期間や季節。,1,112_1
113,心にとめること。気を配って集中すること。 ,1,113_1
113,警告や訓戒の意味で相手に気をつけるように言うこと。,2,113_2
114,ある民族や社会集団の中で、昔から受け伝えてきた風習や様式、考え方など。 ,1,114_1
114,共同体内で昔から伝わってきた。,2,114_2
115,ある基準となる時よりも前。 ,1,115_1
115,現在より前。そう遠くない過去。昔。,2,115_2
116,一定の結果を得るために一定の手続きに従って整理したり仕上げたりする。,1,116_1
117,ある特定のことをなしうる力やはたらき。,1,117_1
118,向き。進んで行く向き。 ,1,118_1
118,進む目当てや目標。,2,118_2
119,乗り物を利用して人が移動したり荷物を運んだりすること。 ,1,119_1
119,人や国の間で関係を結んで往来し交流すること。 ,2,119_2
119,結託。内通。,3,119_3
120,書籍や新聞などを読む人。読み手。,1,120_1
121,ゆたかに富んでいること。物がたっぷりあること。種類・数量が多いこと。,1,121_1
122,一年を天候の推移によって分けたもの。春夏秋冬の四季や、雨季・乾季など。シーズン。,1,122_1
123,西暦で、100年ごとに区切った年代。 ,1,123_1
123,「世紀の…」の形で、100年に一度しか起こらないほど。 ,2,123_2
123,時代。,3,123_3
124,いくつかの要素が集まって、一つのものを組み立てること。また、組み立てたもの。,1,124_1
125,物事が起こるもと。また、その事柄。,1,125_1
126,店で販売する食べ物やその材料。,1,126_1
127,間に何もなく、じかに接すること。じかにかかわること。ストレート。,1,127_1
128,ある集団の個体ごとの観測値を全て足した後、その合計を個体数で割った値。 ,1,128_1
128,複数の物事の質や量などを統一的にならす。 ,2,128_2
128,つりあいがとれていること。バランス。,3,128_3
129,美を表現する芸術。特に視覚的、空間的な美を表す造形芸術。絵画、彫刻、建築、工芸、書、写真など。,1,129_1
130,社会で生活するための学問や知識を教え育てること。,1,130_1
131,社会的な規模の大きい仕事。 ,1,131_1
131,生産・利益を目的とする経済活動。,2,131_2
132,本当のこと。 ,1,132_1
132,実は。実を言うと。(相手の知らない事実を知らせる時に使う),2,132_2
133,言葉を表す記号。字。 ,1,133_1
133,文章や語句。また、読み書きや学問。,2,133_2
134,世間が話題にするような出来事。問題となる出来事。,1,134_1
135,金銭や物品などを正当に要求すること。,1,135_1
136,はたらきかける目標。相手。 ,1,136_1
136,恋愛の相手。,2,136_2
137,はなはだしい変動もなく落ち着いていること。 ,1,137_1
137,薬の一種。安定剤。鎮静剤。,2,137_2
138,危なくないこと。危害が加わるおそれのないこと。無事なこと。,1,138_1
139,処理や保守・運営を行うこと。全体に気を配り、とりしきること。,1,139_1
140,その時よりこのかた。それより引き続き。,1,140_1
141,適当なものを選び取ること。,1,141_1
142,生まれること。出生。 ,1,142_1
142,物事が新しくできあがること。,2,142_2
143,ある目的で定められた一定の区域。 ,1,143_1
143,一国の中で特殊な事情があって区別される地域。,2,143_2
144,人々に指図すること。 ,1,144_1
144,音楽で楽団員に指図して演奏全体をまとめること。 ,2,144_2
144,指揮者。指揮する人。,3,144_3
145,女性。 ,1,145_1
145,女児。娘。,2,145_2
146,ある特定の地域。 ,1,146_1
146,首都や大都市以外の地域。いなか。 ,2,146_2
146,場所。 ,3,146_3
146,部分。点。,4,146_4
147,ひろげること、ひろがること。 ,1,147_1
147,あることがくりひろげられたり、進展したりすること。またそのようにさせること。,2,147_2
148,ためになること。役に立つこと。 ,1,148_1
148,効力のあること。,2,148_2
149,まじりあって一つのものを構成しているそれぞれの物質。構成要素。 ,1,149_1
149,思想的な性向、職業、出身などによって人々を分けた分類。,2,149_2
150,機械や組織の全体を形づくっている各部分の仕組み。組み立て。 ,1,150_1
150,有形、無形の構造物を作る、建てる。,2,150_2
151,物事が思いどおりに行くこと。目的を達成すること。 ,1,151_1
151,富・財産や社会的地位を得ること。,2,151_2
152,人間の心。また、知的な心のはたらき。 ,1,152_1
152,物事を支えている根本的な意義、理念。 ,2,152_2
152,物事を感じ、考え、判断する能力。意識。 ,3,152_3
152,気力。元気。精力。 ,4,152_4
152,活気に満ちる。元気旺盛だ。 ,5,152_5
152,ハンサムだ。 ,6,152_6
152,元気を出す。,7,152_7
153,計画などを実際に行うこと。,1,153_1
154,脚本に基づき、俳優の演技や舞台装置・効果などを指導し、映画や演劇などをつくること。大会や行事などを効果的に進行させること。内容や進行に工夫を加え全体をまとめあげること。 ,1,154_1
154,ある状況や雰囲気を作り出すこと。 ,2,154_2
154,公演。,3,154_3
155,自然現象の推移や変化を観察・測定すること。 ,1,155_1
155,事柄の成り行きを推測すること。,2,155_2
156,人間が自然にある物に加工を施し、生活に必要な物をつくりだすこと。また、その活動。 ,1,156_1
156,子供を産むこと。(古風な表現),2,156_2
157,物事の道理を知ること。また、意味や内容を悟ること。,1,157_1
158,著作物を主に印刷などの方法で書籍、雑誌などにし、販売、頒布すること。デジタルデータによるものも含まれることがある。,1,158_1
159,物事の調子を正しくととのえること。適切な状態にととのえること。,1,159_1
160,互いに取りかえること。やり取りすること。 ,1,160_1
160,以前のものを新しいものに取りかえること。 ,2,160_2
160,電話交換員,3,160_3
161,空間的な前と後。 ,1,161_1
161,時間的な前と後。時間的に連続すること。 ,2,161_2
161,時間、数量などがある基準点に若干足りなかったり超えたりすること。 ,3,161_3
161,物事の順序が逆になること。後先になること。 ,4,161_4
161,最初から最後まで。全期間まるごと。,5,161_5
162,年の若い者。一般に7、8歳から16、17歳ぐらいの世代を指す。男女ともをいうが、一般的に男子を指すことが多い。,1,162_1
163,何かをするときに必要な金銭。,1,163_1
164,ふだん。常日頃。,1,164_1
165,仕事。また、仕事をすること。特に、一定の目的と計画のもとに、身体または知能を使ってする仕事。 ,1,165_1
165,宿題。課題。,2,165_2
166,ある一点や一か所に寄り集めること。また、集まること。 ,1,166_1
166,一つのことに全ての力を注ぐこと。,2,166_2
167,文学の形式の一つ。作者が想像力・構想力を用いて人間や社会のすがたを表現する散文体の作品。,1,167_1
168,全て。全体。,1,168_1
169,事実としていま、現にある事物。また、具体的・客観的に存在する状態。 ,1,169_1
169,現実的である。リアリティがある。,2,169_2
170,その人、またはその物だけの特有の性質。パーソナリティ。,1,170_1
171,二つ以上のものを照らし合わせて、その優劣や異同をくらべること。 ,1,171_1
171,(‘比較的’の形で）他のものと比べて。,2,171_2
172,感情や情緒を、顔つきや態度に表すこと。 ,1,172_1
172,気分、感情を表に出す。,2,172_2
173,組織を整えて目的達成のために物事を行うこと。特に、営利事業を営むこと。また、その仕組み。 ,1,173_1
173,目的や方針を定めて組織を運営していくこと。 ,2,173_2
173,扱う、販売する。,3,173_3
174,多くの商品を売り買いする一定の場所。 ,1,174_1
174,商品が流通する領域。 ,2,174_2
174,受け入れられる余地。,3,174_3
175,生計を立てるための仕事。なりわい。 ,1,175_1
175,職業的な。プロ。職業としての。,2,175_2
176,心配であること。気にかかること。安心できないこと。 ,1,176_1
176,心苦しい。すまない。,2,176_2
177,自分の国ではない、よその国。他国。,1,177_1
178,いろいろな種類。さまざま。諸種。,1,178_1
179,これから先。前途。 ,1,179_1
179,遠方から持ってくること。また、ある状態をもたらすこと。,2,179_2
180,武力で争うこと。特に、国家間の武力によるいくさ。 ,1,180_1
180,社会生活上の激しい混乱や競争のたとえ。,2,180_2
181,人間や動物などが育って成熟すること。 ,1,181_1
181,物事が発展し、規模が大きくなること。,2,181_2
182,人々のいこいのために作られた庭園風の広い場所。,1,182_1
183,病気やけがをなおすため、手当てをすること。,1,183_1
184,自分の価値や能力や正しさなどを信じて疑わないこと。 ,1,184_1
184,自らを信じること。自信を持つこと。,2,184_2
185,期待しただけの数量や水準に達して、望みが満ち足りること。 ,1,185_1
185,満たすこと。,2,185_2
186,ある方向に傾くこと。かたよること。また、一方向に向かうこと。 ,1,186_1
186,傾倒する。考えが傾く。～する傾向がある。,2,186_2
187,詩歌・小説・戯曲・絵画などを創作する人。特に、小説家・劇作家。,1,187_1
188,素粒子の一つで、原子を構成する非常に小さい粒子。電荷は負。エレクトロン。 ,1,188_1
188,電子、電子工学、電子工業、電子装置などに関する。,2,188_2
189,過ぎ去った時。現在より前。またはその時の出来事。 ,1,189_1
189,時間が過ぎる。 ,2,189_2
189,出発点からある地点を過ぎて違う地点に行く。,3,189_3
190,空いていて何もない所。スペース。,1,190_1
191,命。 ,1,191_1
191,物事を成り立たせ、価値を支えるうえで最も重要なもの。 ,2,191_2
191,物事が維持される一定の期間。,3,191_3
192,人や車が通るために整備したみち。みち。,1,192_1
193,ある物事や問題、話題に対して持っている考え。 ,1,193_1
193,不満。 ,2,193_2
193,意見を述べること。特に、立場をわきまえずに物申したり、相手の事に口を挟むこと。,3,193_3
194,経験したことや覚えたことを忘れずにいること。また、その内容。ものおぼえ。 ,1,194_1
194,過去に経験したことに対する印象。,2,194_2
195,機械などを動かすこと。 ,1,195_1
195,自分の都合に合わせてうまく処理すること。,2,195_2
196,書物を販売する店。 ,1,196_1
196,書物を出版する店、会社。,2,196_2
197,数量をはかり数えること。 ,1,197_1
197,結果や展開などを予測し、それを見越して計画を立てること。 ,2,197_2
197,代金を払う。 ,3,197_3
197,人を陥れること。,4,197_4
143,太陽系の第三惑星。人類を始めとする多様な生物が生息している。,1,143_1
199,役目また義務としてしなければならない務め。 ,1,199_1
199,結果について、負わなければならない責め。,2,199_2
200,そこまでなしとげようとして設けた到達点。目印。 ,1,200_1
200,射撃や攻撃などの対象。まと。,2,200_2
201,ひだりと、みぎ。 ,1,201_1
201,そば。また、そば近くに仕える者。 ,2,201_2
201,影響を与え、支配すること。 ,3,201_3
201,意見や態度をはっきりさせないこと。 ,4,201_4
201,ほど。程度。,5,201_5
202,国家を統治する機関。日本では、内閣と、内閣が統轄する全行政機関。,1,202_1
203,二種以上のものを組み合わせること。取り合わせ。 ,1,203_1
203,協同、協力、共助、共同の行動。 ,2,203_2
203,よく合う。似合う。調和をなす。,3,203_3
204,意志、目的を持って、実際に体を動かして何かをすること。行い。 ,1,204_1
204,動く。出歩く。,2,204_2
205,その国に所属し、その国を構成する人々。その国の国籍を有する人々。,1,205_1
206,小説・詩歌・戯曲・随筆・評論などを研究する学問。 ,1,206_1
206,文芸学・哲学・歴史学・言語学・社会学などの総称。,2,206_2
207,物事に心を強く動かされること。,1,207_1
208,肉、魚や野菜などが新しくいきいきとしていること。 ,1,208_1
208,汚れていなくて、すがすがしいこと。 ,2,208_2
208,今までにない新しい感覚があること。,3,208_3
209,地面の下。 ,1,209_1
209,死後の世界。冥めい土ど。 ,2,209_2
209,非合法な活動が行われる場。秘密の場所。 ,3,209_3
209,地面の上。地面の表面。,4,209_4
210,外から見た形。外形。 ,1,210_1
210,定まった型。また、一定の手続きややり方。,2,210_2
211,利用や見聞ができるように、一般の人々に開放すること。,1,211_1
212,突然起きる悪い出来事。思いがけなく起こる災い。,1,212_1
213,自ら進んで物事を行うこと。,1,213_1
214,機械・道具などを作ること。,1,214_1
215,人の手が加わらない、自然のままの状態。 ,1,215_1
215,生まれつき。天性。 ,2,215_2
215,何でもないように知らんぷりをする姿。,3,215_3
216,動いて位置を変えること。移し動かすこと。,1,216_1
217,生物を大きく二分類したとき、植物に対する一群。多くは、自由に運動でき、感覚の働きがあり、他の生物を摂取して生命活動を行う生物。,1,217_1
218,足りないこと。欠けていること。不十分。 ,1,218_1
218,欠陥。不足した部分。,2,218_2
219,対象を体系的に研究し、その原理・法則を見つけだそうとする学問。特に、自然現象を対象とする学問。 ,1,219_1
219,“( 科学的”の形で)科学の原則に符合する。科学の正確を帯びる。,2,219_2
220,太陽系の中心をなす恒星。日。日輪。 ,1,220_1
220,明るく輝き、希望を与えてくれるもの。,2,220_2
221,燃やして熱・光・動力などを得る材料。薪・石炭・石油・ガスなど。,1,221_1
222,よい手段や方法を考えること。また、その手段や方法。 ,1,222_1
222,勉強 ,2,222_2
222,ある仕事をするのに必要な努力と時間。 ,3,222_3
222,時間。ひま。,4,222_4
223,数を表すのに使われる文字や記号。 ,1,223_1
223,統計・成績・計算など、数字によって表される事柄。 ,2,223_2
223,デジタルの。,3,223_3
224,原料や半製品を加工し、人間の生活に必要な物をつくる産業。,1,224_1
225,他の物事や考えなどをあれこれと比べ、自分の考えをまとめる手掛かりとすること。また、その材料。,1,225_1
226,ものの感じ方や考え方、言動や行動などに表れる、もって生まれたその人特有の性質。 ,1,226_1
226,物事にそなわった特有の傾向。,2,226_2
227,実際に行うこと。 ,1,227_1
227,コンピュータの命令に従って行うこと。,2,227_2
228,物事の進むはやさ。スピード。,1,228_1
229,力を尽くして行うこと。精を出すこと。 ,1,229_1
229,熱心だ。熱心に。,2,229_2
230,考えうる限り最もよい完全なもの。これ以上ないすばらしいものとして思い描き、追い求めるもの。 ,1,230_1
230,(“理想的”の形で)考えうる限りもっともよい完全な状態。,2,230_2
231,物事をするのにちょうどよい時。しおどき。チャンス。,1,231_1
232,目的の場所に向かって出かけること。 ,1,232_1
232,新たに物事を始めること。また物事の始まり。,2,232_2
233,生物を大きく二分類したとき、動物に対する一群。一般に移動せず細胞壁を持ち、光合成などにより無機物から養分を得て生長する生物。,1,233_1
234,大豆を加工した食品。水に浸した大豆をすりつぶして煮た汁をしぼり、かすを取り去ったものににがりを加え、固めたもの。,1,234_1
235,事実を残すために文章・映像としてとどめておくこと。また、そのもの。 ,1,235_1
235,競技などの成績。特に、その最高のもの。レコード。,2,235_2
236,くわしく細かいこと。 ,1,236_1
236,詳細な内容、事項。,2,236_2
237,国の政治を行う権力。政府。,1,237_1
238,目に見える自然の様子。眺め。 ,1,238_1
238,その場の状態や様子。,2,238_2
239,告げ知らせること。また、その知らせ。与えられた任務などの経過や結果について述べ伝えること。また、その内容。 ,1,239_1
239,講演。(論文)発表。,2,239_2
240,建物などを建てること。また、その建てた物。,1,240_1
241,物事の是非や善悪などを考え、決めること。 ,1,241_1
241,占い,2,241_2
242,意見や提案などに逆らうこと。 ,1,242_1
242,まるで逆であること。対する位置や方向にあること。あべこべ。,2,242_2
243,職業として日常行っている仕事。,1,243_1
244,自分自身。おのれ。また、自我。 ,1,244_1
244,自ら。自然に。,2,244_2
245,年若い女子。特に、十代までを指す。,1,245_1
246,物事について知っている事柄。また、その内容。,1,246_1
247,陸地。大地。地。 ,1,247_1
247,その場所。その地方。,2,247_2
248,安全を保つように守ること。かばうこと。,1,248_1
249,医術により病気や傷を治療すること。,1,249_1
250,確かでまちがいのないこと。しっかり信用できること。,1,250_1
251,必要な器材・道具・機械・建物などを備えつけること。また、備えつけられたもの。,1,251_1
252,建築物の土台。いしずえ。 ,1,252_1
252,物事の成立するもととなるもの。,2,252_2
253,全ての天体とそれをおおう全空間。また、地球の大気圏外。,1,253_1
254,海抜の高い山地にある広い平たんな野原。起伏のゆるやかな台状の地形。,1,254_1
255,国家や団体などを運営していくための規則。,1,255_1
256,もともと。元来。 ,1,256_1
256,当然そうあるべきこと。当たり前。,2,256_2
257,からだの構え。格好。 ,1,257_1
257,物事に対する態度。心の持ち方。,2,257_2
258,ひとところに定まって動かないこと。また、動かないようにすること。 ,1,258_1
258,変化しないこと。,2,258_2
259,共通の目的を持って集まった人々の集団。各種の法人・政党・組合・クラブなど。 ,1,259_1
259,人々の集まり。仲間。,2,259_2
260,原料・材料や他の製品に手を加え、新しい製品を作ること。 ,1,260_1
260,手を加える。整える。より良くするために追加処理をする。,2,260_2
261,光沢を持ち、電気や熱をよく伝え、展性（たたくとのびる性質）や延性（ひっぱるとのびる性質）に富む物質の総称。金・銀・銅・鉄など。,1,261_1
262,学問や技術を教えさずけること。 ,1,262_1
262,大学や高等専門学校で、専門分野の学問を教えたり研究したりする人。また、その職名。,2,262_2
263,地球を包む大気圏の下層部分を構成する無色透明な混合気体。 ,1,263_1
263,その場の状態や雰囲気。,2,263_2
264,医師が治療のために患部の切開・切断や移植などの処置を施すこと。 ,1,264_1
264,物事の状況を根本的に改めること。,2,264_2
265,出来事が非常に短い時間内に出現するさま。,1,265_1
266,人生や社会などについてのまとまりのある見解。特に、社会や政治に対する考え方や見方。 ,1,266_1
266,考え。意思。意見。 ,2,266_2
266,考える。,3,266_3
267,動物の体にある繊維状の器官。体の機能を統率し、各部からの刺激を脳に伝える刺激伝達の経路。 ,1,267_1
267,ものを感じたり考えたりする心のはたらき。 ,2,267_2
267,精神異常。,3,267_3
268,男。,1,268_1
269,新たに生じること。生まれること。また、物事が始まること。,1,269_1
270,平面、あるいは曲面の広さ。,1,270_1
271,電力・火力などのエネルギーを動力に変える装置。原動機。発動機。 ,1,271_1
271,ある目的・仕事を達成するために作られた組織や団体。 ,2,271_2
271,計策、計略。,3,271_3
272,他の物にはたらきかけること。また、そのはたらき。,1,272_1
273,目的が果たせないこと。やりそこない。,1,273_1
274,仕事や学業などでなし遂げた結果を評価したもの。できばえ。,1,274_1
275,物事の中心となっていて、特に欠かせない大切なこと。 ,1,275_1
275,主に。大部分。,2,275_2
276,持っている能力や特性を表し示すこと。 ,1,276_1
276,十分に表す。 ,2,276_2
276,より高める。より発展させる。,3,276_3
277,他から離れて一つだけ存在すること。 ,1,277_1
277,他の援助・支配を受けないで、自力でやっていくこと。ひとり立ち。 ,2,277_2
277,ひとり立つ。一つだけ立つ。,3,277_3
278,物の外側。おもて。 ,1,278_1
278,物事の見える部分。外見。うわべ。,2,278_2
279,心にかけること。興味をもつこと。 ,1,279_1
279,関心がある。関心を持つ。関心を注ぐ。神経を使う。,2,279_2
280,物の内側。中の部分。 ,1,280_1
280,組織や集団のうち。,2,280_2
281,他からのはたらきかけに応じて起こる変化や動き。てごたえ。,1,281_1
282,品物の性質。品物のよしあし。しながら。 ,1,282_1
282,人の品性、人となり。,2,282_2
283,物をつくること。原料や未完成品に手を加えて製品にすること。 ,1,283_1
283,人為的に、ある雰囲気や局面を造成する。,2,283_2
284,程度などに応じていること。つり合うこと。見合うこと。 ,1,284_1
284,かなり。 ,2,284_2
284,ほぼ同じだ。対当だ。 ,3,284_3
284,適切である。,4,284_4
285,日常生活のために、家の中に備える道具。机・たんすなど。,1,285_1
286,自分の意見や説を言いはること。また、その意見や説。,1,286_1
287,現在に近い時代。,1,287_1
288,体の発達をうながし、体力の向上をはかるための教育。,1,288_1
289,疑わしい事柄。また、わからない事柄。,1,289_1
290,学校で授業を行う部屋。 ,1,290_1
290,人を集めて学芸や技能などを教える場所。その団体や催し。 ,2,290_2
290,大学で、専攻科目ごとの研究室。また、教科別に教員の所属する部屋。,3,290_3
291,頭・胴・手足など、肉体のすべてをまとめていう語。五体。 ,1,291_1
291,体の健康状態。調子。具合。コンディション。,2,291_2
292,普通と違うこと。また、そのさま。,1,292_1
293,外部から吸いこみ取り入れること。 ,1,293_1
293,取り入れて自分のものとすること。,2,293_2
294,新しく建物などをつくること。 ,1,294_1
294,新しく組織などをつくること。,2,294_2
295,正しく確かなこと。間違いのないこと。,1,295_1
296,ある事柄が真実であることを明らかにすること。 ,1,296_1
296,身分や事実を証明する文書。,2,296_2
297,絵画・写真などで、後ろの景色。演劇・舞踊などで、舞台の奥に描かれた景色。 ,1,297_1
297,背後の事情。 ,2,297_2
297,背後の勢力,3,297_3
298,同じ状態でもちこたえること。保つこと。 ,1,298_1
298,責任を取り、面倒をみる。支援。後援。援助。助け。支持。,2,298_2
299,ひろげて大きくすること。また、ひろがって大きくなること。,1,299_1
300,よろこんで迎えること。 ,1,300_1
300,よろこんで受け入れること。,2,300_2
301,新聞や雑誌などの記事を取材・執筆・編集する人。,1,301_1
302,複数の人が同じ物事を一緒に行うこと。,1,302_1
303,理論や仮説が正しいかどうか証明するために、実際にやってみること。 ,1,303_1
303,まだ完全に検証されていない方法を試験的に試してみること。,2,303_2
304,重く見ること。大切なこととして注意して見ること。,1,304_1
305,複雑な事物をいくつかの要素や成分にわけて、構造を明らかにすること。,1,305_1
306,頭にかぶるもの。 ,1,306_1
306,物の上部にかぶせるもの。 ,2,306_2
306,罪名や悪評のレッテル。烙らく印いん。,3,306_3
307,人体の構造・機能の探究や病気の原因・治療・予防などについて研究する学問。,1,307_1
308,団体や組織などに加わり一員になること。 ,1,308_1
308,入れる。添加する。加える。補う。,2,308_2
309,問題・事件などを整理したり解いたりして決着がつくこと。かたづくこと。 ,1,309_1
309,無くす。除去する。掃そう蕩とうする。,2,309_2
310,目的物を手に入れるために、追いもとめること。 ,1,310_1
310,求愛する。愛を訴える。(異性を)追いかける。,2,310_2
311,光をよく通し、向こうがすきとおって見えること。また、そのさま。 ,1,311_1
311,隠すことがなく、内部でことがどう動いているのかが外部の人にも容易にわかること。,2,311_2
312,一定の領土と、人々が構成する主権によって統治する組織を持つ集団。くに。,1,312_1
313,数量の多いことと少ないこと。 ,1,313_1
313,いくらか。少し。 ,2,313_2
313,いくつ。いくら。数量を尋ねる疑問詞。,3,313_3
314,物事の善悪を検討し、その価値や正当性などを判定すること。他の誤りなどを論じて非難すること。,1,314_1
315,動物の体の表面をおおい包んでいる組織。はだ。,1,315_1
316,他よりすぐれて、ひいでているさま。,1,316_1
317,背もたれのある腰かけ。 ,1,317_1
317,地位。ポスト。,2,317_2
318,軍隊が計画に沿って、一定期間行う戦闘。また、その計画。 ,1,318_1
318,試合などをうまく進めるうえでの方法。戦術。 ,2,318_2
318,戦闘。,3,318_3
319,長さ、重さ、数、時間などの数量を数値で表す時、基礎となる一定の基準。 ,1,319_1
319,全体を構成する基本となる、ひとまとまり。 ,2,319_2
319,機関、団体またはそこに所属する部署。 ,3,319_3
319,学習量をはかるときの基準。,4,319_4
320,当然であるとして、それを強くもとめること。,1,320_1
321,制度や習慣などの悪いところをあらため、よいものにすること。,1,321_1
322,悪い点を改めて、よくすること。,1,322_1
323,始まって間もない時期。,1,323_1
324,物の中に含まれている水の量。水気。 ,1,324_1
324,誇大。誇張。泡。,2,324_2
325,太陽・月・星など、宇宙空間に存在する物体の総称。,1,325_1
326,人に知られないように隠すこと。公開しないこと。また、その事柄。 ,1,326_1
326,まだ明らかになっていないこと。 ,2,326_2
326,人に知られないよう隠す様子がある。,3,326_3
327,戸や窓を開け放したままにすること。 ,1,327_1
327,制限などを設けないで、自由に出入りしたり利用したりすること。オープン。 ,2,327_2
327,外部のものが入ってくるのを自由に許容する性質がある。 ,3,327_3
327,(花が)咲く。,4,327_4
328,学びならうこと。学問や技術などを勉強して身につけること。,1,328_1
329,物事に感じて引き起こされる、喜怒哀楽などの心の動き。 ,1,329_1
329,愛着。好きで貴重に思う感情。,2,329_2
330,物事の様子。ありさま。物事のわけ。いきさつ。 ,1,330_1
330,事件。事故。 ,2,330_2
330,職務。業務。仕事。 ,3,330_3
330,用務。用。 ,4,330_4
330,事の成り行きやわけを人に話して懇切に頼むこと。,5,330_5
331,その土地・学校・身分の出であること。 ,1,331_1
331,〜出身だ。〜の身分を持つ。,2,331_2
332,体力や知力を使って働くこと。 ,1,332_1
332,体を動かして働く。,2,332_2
333,あぶないこと。また、その恐れのあること。,1,333_1
334,動物の血管内を循環する液体。栄養分、酸素、老廃物を運ぶ。血。,1,334_1
335,一つに定まって変わらないこと。 ,1,335_1
335,ある程度。 ,2,335_2
335,必ず。間違いなく。,3,335_3
336,生物体を構成する基本単位。一個の核と細胞質から成り、細胞膜で包まれている。,1,336_1
337,特例を除き、大部分に当てはまる基本的な規則や法則。,1,337_1
338,長い間くり返すうちに、自然と身についた決まりごと。 ,1,338_1
338,古くからならわしとして行われている事柄。風習。しきたり。 ,2,338_2
338,慣れる。適応する。,3,338_3
339,地形や土地の様子を、一定の縮尺を用いて記号や文字で平面上に表した図。,1,339_1
340,生まれてから死ぬまで。,1,340_1
341,自分が受けた行為を、ありがたく思うこと。また、その意を表して礼を言うこと。,1,341_1
342,ある事柄について習熟するよう、練習させてきたえること。,1,342_1
343,物事に対する身構え。 ,1,343_1
343,物事に対する心構え。,2,343_2
344,体の動き。立ち居振る舞い。,1,344_1
345,国民の生命・財産、社会の秩序と安全を保つためにおく、行政機関。,1,345_1
346,物事の状態や変化の様子を詳しくみること。,1,346_1
347,勤労・事業などにより取得する金品。 ,1,347_1
347,収録する。収納する。含む。受け入れる。,2,347_2
348,たたかいの策略。 ,1,348_1
348,政治・社会運動や企業経営で、成果をあげるための計画や手段。,2,348_2
349,成人した女性。女性。,1,349_1
350,そのままの状態でとっておくこと。,1,350_1
351,異性を恋い慕う気持ち。 ,1,351_1
351,相手をいとおしみ、大切に思う心持ち。,2,351_2
352,学校の別称。多く、私立学校などの校名として用いられる。 ,1,352_1
352,単科大学 ,2,352_2
352,正規の学校でない私立教育機関。,3,352_3
353,物事を規則として定めること。また、その定め。 ,1,353_1
353,内容や性格、意味などを明らかにして決める。または、その決めておいたこと。 ,2,353_2
353,ある物事が別の物事の性質を決定すること。,3,353_3
354,表面に現れ出たもの。,1,354_1
355,戦いや試合などに勝つこと。 ,1,355_1
355,一生懸命に努力して困難を克服し、あることを成し遂げる。 ,2,355_2
355,成功。,3,355_3
356,心のはたらき。心の状態。心持ち。,1,356_1
357,物事をなし遂げた結果。よいできばえ。,1,357_1
358,代表や役員などの適任者を選び出すこと。,1,358_1
359,ウシ・ウマ・ヒツジなどの家畜を放し飼いにする所。放牧場。まき。,1,359_1
360,見たりさわったりでき、質量によって物体を構成している実質。 ,1,360_1
360,金銭や品物など。物品。,2,360_2
361,関係者が集まって相談をし、物事を決定すること。また、その集まり。 ,1,361_1
361,ある事柄を評議する機関・組織。,2,361_2
362,全体を勢力下におき、治めること。統治すること。 ,1,362_1
362,他人の行動を、思いどおりに束縛したり規定したりすること。 ,2,362_2
362,配分。割当。配置。配当。,3,362_3
363,前に向かって進んで行くこと。 ,1,363_1
363,事などを処理して進む。 ,2,363_2
363,物事が時間の経過につれて状態を変えていくこと。病気の悪化に使うことが多い。,3,363_3
364,架線や軌道から得た電力を利用してレール上を走り、人や荷物を運ぶ鉄道車両。,1,364_1
365,物事を十分知り、その本質を理解し、判断すること。また、その心のはたらき。 ,1,365_1
365,ある事物が、他でもなく正にそれであると識別すること。,2,365_2
366,より良い状態になること。 ,1,366_1
366,より高い段階へ進むこと。 ,2,366_2
366,拡大する。拡充する。拡張する。増加する。増員する。増やす。,3,366_3
367,防ぎ止めること。,1,367_1
368,何かを積極的にしたいという気持ち。,1,368_1
369,いつまでもながく果てしないこと。とこしえ。 ,1,369_1
369,いつも。常に。,2,369_2
370,内容を小さく分けたときの部分。物事を小分けしたもの。 ,1,370_1
370,プロジェクト。事業。課題。,2,370_2
371,人の意見や行動などに賛同し、力を貸してあと押しをすること。 ,1,371_1
371,ささえること。 ,2,371_2
371,耐える。支える。持ちこたえる。,3,371_3
372,手に入れること。自分の所有にすること。,1,372_1
373,政府・政党・政治家などの政治上の方針。,1,373_1
374,できあがること。まとまること。 ,1,374_1
374,物事が成り立つこと。,2,374_2
375,数量の多いこと。 ,1,375_1
375,心の広いこと。大きな度量。,2,375_2
376,しくみや考え方などが、こみいっていないこと。,1,376_1
377,ある事柄を、そうでないと決めること。打ち消すこと。,1,377_1
378,ふつうとは違っていること。 ,1,378_1
378,非常に。,2,378_2
379,熱さ・冷たさの度合いを数値で表したもの。,1,379_1
380,海水面からはかった高さ。 ,1,380_1
380,程度が高いさま。,2,380_2
381,詩を作る人。詩作を生業とする人。,1,381_1
382,人前で意見を言うこと。また、その意見。,1,382_1
383,光や電波などが物に当たって方向を変えること。 ,1,383_1
383,人間や動物が刺激に対して無意識におこす反応。,2,383_2
384,文化・言語・歴史などを共有し、帰属意識を同じくする人間の集まり。,1,384_1
385,あぶない場面や状況・時期。ピンチ。 ,1,385_1
385,潜在的な、潜伏している危険。危険要素。危険の兆候。,2,385_2
386,兄と弟。 ,1,386_1
386,親を同じくする子どうし。 ,2,386_2
386,親しい間柄で呼ぶ語。 ,3,386_3
386,キリスト教信者の間で互いに示したり呼ぶ言葉。 ,4,386_4
386,弟。 ,5,386_5
386,男の自称。,6,386_6
387,いたんだところを整え直すこと。 ,1,387_1
387,剪枝する。余分な枝を切る。 ,2,387_2
387,こらしめる。苦い目にあわせる。,3,387_3
388,自分のものとして持っていること。また、そのもの。 ,1,388_1
388,全ての。一切の。,2,388_2
389,生物が長い年月の間に、より複雑で高等かつ多種類に変化すること。 ,1,389_1
389,物事が発達し、進歩すること。,2,389_2
390,ある状態や地位がおかされないように保護すること。特に、危険や災害をこうむらないように守ること。 ,1,390_1
390,大事なものを保護し守ってくれるもの。目標達成を可能にし、約束してくれるもの。約束手形。切符。鍵。,2,390_2
391,人をたずねること。 ,1,391_1
391,見回す。探訪する。見物する。,2,391_2
392,病気や災害などを前もってふせぐこと。,1,392_1
393,今より先の時間。これから先にくる時。将来。,1,393_1
394,車の通る道。特に、列車などが通る線路。 ,1,394_1
394,天体や物体が一定の法則で動く道すじ。 ,2,394_2
394,物事が進む一定の方向や道すじ。,3,394_3
395,あらわれ出ること。隠れていたものや見えなかったものなどが、姿をあらわすこと。,1,395_1
396,具体物を作ること。 ,1,396_1
396,彫刻・絵画などの芸術作品をつくること。また、映画や放送番組などをつくること。 ,2,396_2
396,規定や法式などを考えて決めること。,3,396_3
397,変わり動くこと。また、変え動かすこと。,1,397_1
398,国家の主権が国民にあること。 ,1,398_1
398,民主的。民主主義の原則によく符合すること。,2,398_2
399,多くの人や物の集まり。特に、人々が同じ目的のもとに集まってできた団体。,1,399_1
400,いくつかの文を連ね、まとまりのある思想や感情を表したもの。ふつうは、韻文に対する散文をいう。 ,1,400_1
400,文。センテンス。形の上で完結した、一つの事態を表す言語表現の一単位。 ,2,400_2
400,真意。内心。心づもり。内包された意味。 ,3,400_3
400,方法。計略。考え。,4,400_4
401,目指す方向。進む目標。また、行動の原則や基本。,1,401_1
402,司法・立法にならぶ国家の統治機能の一つ。法律や政令に従って国家機関や地方公共団体がその業務を行う。,1,402_1
403,広く一般に行き渡ること。,1,403_1
404,ある基準となる時からのち。それからあと。 ,1,404_1
404,今よりのち。この先。今後。,2,404_2
405,解決しなくてはならない問題。 ,1,405_1
405,プロジェクト。 ,2,405_2
405,問題を課すること。また、その問題。,3,405_3
406,刺激によって感情が高ぶること。,1,406_1
407,色・音・光・電波など言葉でない符号で意思を伝達する方法。また、その符号。 ,1,407_1
407,道路などにある交通規制のための機械。 ,2,407_2
407,ことや事件などの出発点。,3,407_3
408,数量がふえること。ふやすこと。,1,408_1
409,広く告げ知らせること。また、その知らせ。特に、新聞・テレビなどで知らせること。ニュース。,1,409_1
410,自然科学の一部門。物質の性質・構造や、物質相互間の変化・作用などを研究する学問。,1,410_1
411,外国との交際。外国との交渉。 ,1,411_1
411,会社で、外部に出て営業の交渉や販売をすること。,2,411_2
412,きわめて大きいこと。また、そのもの。,1,412_1
413,やりとげるのが苦しく難しいこと。 ,1,413_1
413,窮乏する。困窮する。,2,413_2
414,体内に取り入れた食物を分解し、吸収しやすい状態に変えるはたらき。 ,1,414_1
414,読んだり聞いたりしたものを理解して、自分のものとすること。 ,2,414_2
414,物事を残さず処理すること。,3,414_3
415,物事がよい方向に進んでいくこと。だんだんと発達すること。 ,1,415_1
415,社会の現状維持よりは変化、発展を好むこと。,2,415_2
416,乱れた状態にあるものを秩序正しくととのえること。 ,1,416_1
416,不要なものを取り除くこと。,2,416_2
417,はじめてつくりだすこと。,1,417_1
418,労働や運動をする、体の能力。,1,418_1
419,所属する社会や組織における位置・役割。また、身分。,1,419_1
420,物事の調子をととのえて具合よくすること。つりあいをとること。,1,420_1
421,多くのものを一つにまとめること。 ,1,421_1
421,それぞれ異なっていたものなどを同じにする。 ,2,421_2
421,心を一箇所に集中する。,3,421_3
422,うつしえがくこと。言葉・絵・文章などで、物事の姿かたちや状態などを表現すること。,1,422_1
423,理論・知識などを、必要に合わせて実際に用いること。,1,423_1
424,国家や社会の体制を根本から変えること。 ,1,424_1
424,物事が根本的に大きく変化すること。,2,424_2
425,互いに優劣や勝ち負けなどをきそい合うこと。,1,425_1
426,ある部分を特に強く主張したり目立つようにすること。,1,426_1
427,互いに入れかわったり、まじわったりすること。 ,1,427_1
427,一定時間ごとに交互に、流れる方向が逆方向になる電流。 ,2,427_2
427,交ざって流れる。,3,427_3
428,二種類以上のものが混じり合うこと。また、混ぜ合わせること。,1,428_1
429,理論や理念などを実際の行動に移すこと。,1,429_1
430,一か所に寄り合うこと。 ,1,430_1
430,数学で、一定の条件・範囲にあてはまるものを一つの全体と見なしたもの。 ,2,430_2
430,集める。収集する。,3,430_3
431,書籍。書物。本。,1,431_1
432,欠点や不備な点をよくすること。手を加えてさらによいものを作り出すこと。,1,432_1
433,求めに応じて物をあてがうこと。,1,433_1
434,減って少なくなること。また、減らして少なくすること。,1,434_1
435,力を貸して助けること。力添え。,1,435_1
436,さししめすこと。 ,1,436_1
436,指図すること。また、その指図。,2,436_2
437,目的を実現するための方法。手立て。 ,1,437_1
437,ことを処理する手腕、手並み。 ,2,437_2
437,小細工。せこい手。小賢しい策略。小才。,3,437_3
438,物事が順調にいくように、うながし進めること。,1,438_1
439,地球をとりまく空気全体。 ,1,439_1
439,度量の大きいさま。 ,2,439_2
439,大きな息。激しく吐き出す息。,3,439_3
440,分量や程度などがほどよいこと。 ,1,440_1
440,いい加減なこと。,2,440_2
441,肉体的・精神的にくたびれること。疲れ弱ること。 ,1,441_1
441,金属材料などが頻繁に使われたことで強度を失うこと。,2,441_2
442,国家が定めたきまり。特に、国会で制定された法規範。,1,442_1
443,束縛を解いて自由にすること。,1,443_1
444,刺激や作用が、強く激しいさま。,1,444_1
445,根拠のないことをあれこれと想像すること。現実にないことをあるように感じること。 ,1,445_1
445,空想する。幻想に陥る。,2,445_2
446,息を吸ったり吐いたりすること。生物が酸素と二酸化炭素を体内に入れかえる作用。 ,1,446_1
446,人と人との間の調子。また、物事をするときの微妙なコツ。 ,2,446_2
446,一度呼吸する間ぐらい非常に短い時間。,3,446_3
447,時の流れの中のある瞬間。 ,1,447_1
447,何かをするのにちょうどよい時。 ,2,447_2
447,短い時間。 ,3,447_3
447,いつも。常に。,4,447_4
448,柔らかくしなやかなこと。 ,1,448_1
448,考え方などを状況に応じて変えられること。,2,448_2
449,真実を証明するよりどころ。特に、判決の基礎となる事実の存否を裁判所が判断する材料。,1,449_1
450,土地を利用して作物を作ったり家畜を飼ったりして、人間生活に必要な食品・嗜好品や工業資材を生産する産業。,1,450_1
451,技術などが進歩すること。また、規模が次第に大きくなること。 ,1,451_1
451,成長して、より完全なものになっていくこと。 ,2,451_2
451,出世する。立身する。立身出世する。富む。,3,451_3
452,海に向かって長く突き出している陸地の部分。小さいものは岬・崎・鼻などという。,1,452_1
453,年をとった人。年寄り。 ,1,453_1
453,老いた両親。老親。 ,2,453_2
453,古参。元老。職場で長く勤めた人。,3,453_3
454,書物・書類などに書いてのせること。また、その文や内容。,1,454_1
455,してはならないと命じてその行為をさせないこと。行為を禁じること。 ,1,455_1
455,制止する。止める。,2,455_2
456,一つのまとまった形に作り上げること。,1,456_1
457,一国、または一定地域に住んでいる人の数。 ,1,457_1
457,人々の口。世間のうわさ。 ,2,457_2
457,家族。 ,3,457_3
457,人身。,4,457_4
458,人間が手を加えること。人間がつくり出すこと。 ,1,458_1
458,人力。人の力。手作業。 ,2,458_2
458,作業量を数える単位。一人が一日にできる仕事の分量。,3,458_3
459,動物と植物のこと。生命を持って活動し、繁殖するもの。 ,1,459_1
459,課目としての生物学。,2,459_2
460,地上の、ある特定の場所や位置。,1,460_1
461,二つのものの真ん中。 ,1,461_1
461,程度・性質などが中ぐらいなこと。かたよっていないこと。 ,2,461_2
461,進行の途中。 ,3,461_3
461,中。内部。,4,461_4
462,こわすこと。こわれること。 ,1,462_1
462,違反する。破る。 ,2,462_2
462,損なう。損害を負わせる。,3,462_3
463,学位の最高位。大学院の博士課程を修了、またはそれと同等の学力を持つと認められて学位論文の審査・試験に合格した者。ドクター。 ,1,463_1
463,学問などで、その道に深く通じている人。また、ある分野、事柄に特に詳しい人。,2,463_2
464,強く感じて、心を打たれること。はなはだしく感動すること。 ,1,464_1
464,感謝を深く感じること。,2,464_2
465,判断するために、いろいろな要素や条件を考えること。,1,465_1
466,入り乱れて秩序がなくなること。,1,466_1
467,水面のように平らなさま。 ,1,467_1
467,地球の重力の方向と直角に交わる方向。 ,2,467_2
467,水準。レベル。,3,467_3
468,新たにつくり上げること。,1,468_1
469,皇帝が統治する国家。,1,469_1
470,投げ入れること。投げこむこと。 ,1,470_1
470,資本や人員などをつぎこむこと。 ,2,470_2
470,没入する。没頭する。専念する。 ,3,470_3
470,突入する。開始する。 ,4,470_4
470,参加する。 ,5,470_5
470,飛び込む。,6,470_6
471,個人の日々の出来事や感想などを書き記したもの。ダイアリー。,1,471_1
472,利益があること。都合のよいさま。 ,1,472_1
472,形勢がよいこと。,2,472_2
473,万一。もし。～した後には。 ,1,473_1
473,ひとまず。一応。 ,2,473_2
473,一朝一夕に。ある日突然。 ,3,473_3
473,ある日。,4,473_4
474,ぴったり一つになること。同じになること。,1,474_1
475,学問、研究を仕事としている人。,1,475_1
476,学校などで、学業・技芸を教える人。先生。教員。,1,476_1
477,時間を追って物事が移り変わっていくこと。なりゆき。 ,1,477_1
477,時間が過ぎていくこと。 ,2,477_2
477,ある場所を過ぎる。経る。通過する。 ,3,477_3
477,経る。体験する。,4,477_4
478,あらゆる事物や事象の根本にあり、それを成立させるうえでの基本的な法則。根本的な理論。,1,478_1
479,社会一般。国民一般を対象としていること。,1,479_1
480,心の満ち足りたさま。しあわせ。さいわい。,1,480_1
481,考えること。考え。,1,481_1
482,軍のトップとして軍隊を指揮し統率する武官。,1,482_1
483,品や主義などについて多くの人々の理解を求めるために、広く説明してまわること。,1,483_1
484,好ましく思って愛情をそそぐこと。,1,484_1
485,角の大きさ。角の度数。 ,1,485_1
485,物事を見る方向。観点。,2,485_2
486,議論・考察されて得られた最終的な判断・意見。,1,486_1
487,物の売買を仕事とする人。,1,487_1
488,品物を販売する店。,1,488_1
489,物や体力や気力を使い減らすこと。使ってなくすこと。,1,489_1
490,人を客としてまねいて、もてなすこと。 ,1,490_1
490,接待する。 ,2,490_2
490,接待員。,3,490_3
491,事態が差し迫って重大なこと。程度がはなはだしく重大なこと。 ,1,491_1
491,印象、感じ方、傷などが強烈だ。深い。 ,2,491_2
491,深みがある。,3,491_3
492,ゆれ動くこと。ゆり動かすこと。 ,1,492_1
492,臭いなどがとてもひどい。,2,492_2
493,電流が単位時間にする仕事の量。直流では電圧と電流の積で表す。単位はワット。記号はＷ。,1,493_1
494,深く物事に情熱を傾け打ちこむこと。,1,494_1
495,経過してきた年月。 ,1,495_1
495,時の流れをあるまとまりで区切った期間。 ,2,495_2
495,年齢層。世代。,3,495_3
496,官庁で公務に従事する者。官吏。役人。特に、行政の中心となる上級の公務員。 ,1,496_1
496,(「官僚的」の形で)公務員のように、態度や仕事の方式が事務的だったり硬直していたりする。,2,496_2
497,目に見えるありさま。景色。 ,1,497_1
497,景色。風景。 ,2,497_2
497,ぐらい。程度。,3,497_3
498,二つ以上の物を合わせて一つの物をつくること。,1,498_1
499,いろ。いろどり。 ,1,499_1
499,傾向。ようす。,2,499_2
500,人が死ぬこと。死去。,1,500_1
501,いくらか。わずか。少々。,1,501_1
502,心が温かくて人に対して思いやりがあり、情にあついこと。 ,1,502_1
502,親密なこと。親近感。親密な感じ。,2,502_2
503,人間。,1,503_1
504,地中にある、炭化水素を主成分とする可燃性の液体。精製して灯油・軽油・重油などを得る。,1,504_1
505,あざやかで明るくはっきりしていること。 ,1,505_1
505,態度などが明確なこと。,2,505_2
506,別々のものを一定の原理のもとに秩序づけたものの全体。システム。,1,506_1
507,動きなどが途中でとまること。また、とめること。 ,1,507_1
507,禁止すること。一時差しとめること。,2,507_2
508,同一の平面にある二直線、または平面とその外にある直線や平面が、いくら延長しても交わらないこと。 ,1,508_1
508,二つ以上の物事が同時に行われること。 ,2,508_2
508,同級,3,508_3
509,外国と商品の取引をすること。また、その取引。,1,509_1
510,はっきりしていて、まちがいのないこと。 ,1,510_1
510,明確にする。,2,510_2
511,法律・協定・約束などにしたがわないこと。,1,511_1
512,あるものと他のものとのちがい。 ,1,512_1
512,ちがいによって分けること。,2,512_2
513,それまでの状態が続くこと。また、続けること。,1,513_1
514,製品を製造・加工するもとになるもの。,1,514_1
515,古い時代。大昔。いにしえ。はるかな昔。,1,515_1
516,客。 ,1,516_1
516,ひいきの客。お得意の客。,2,516_2
517,事物の基盤となるところ。 ,1,517_1
517,育ってきた環境、血統、本来の性格。 ,2,517_2
517,重要だ。根本的。 ,3,517_3
517,根本的に。徹底的に。完全に。 ,4,517_4
517,そもそも。最初から。ハナから。 ,5,517_5
517,全く。全然。最初から。,6,517_6
518,自分で自分のことを処理すること。,1,518_1
519,その国の中央政府がある都市。首府。,1,519_1
520,物体を推して前に送り出す。 ,1,520_1
520,おしすすめ進展させること。 ,2,520_2
520,進撃する。推し進む。 ,3,520_3
520,おしこむ。,4,520_4
521,他を圧倒する力。いきおい。 ,1,521_1
521,ある属性や力を持った集団。,2,521_2
522,新しいものを作り出すこと。 ,1,522_1
522,作り話。つくりごと。うそ。,2,522_2
523,状況や境遇などに応じて変化すること。,1,523_1
524,差がないこと。等しいこと。 ,1,524_1
524,同じこと。,2,524_2
525,急速な化学反応で、多量のガスや熱が光・音・衝撃波などを伴って一度に発生し、破壊作用を起こす現象。 ,1,525_1
525,おさえていたものが一度にふき出すこと。 ,2,525_2
525,勃発する。突然起きる。,3,525_3
526,一体のものを、各部分や要素にわけること。また、わかれること。 ,1,526_1
526,化学変化で、化合物が二種類以上の物質にわかれること。 ,2,526_2
526,瓦解する。分裂する。 ,3,526_3
526,説明する。解明する。弁解する。,4,526_4
527,まちがっているところや不十分なところを直して正しくすること。,1,527_1
528,近づいて触れること。 ,1,528_1
528,他人や外界と交渉を持つこと。,2,528_2
529,個人または団体が、意見や方針などを公に表明すること。また、その言葉。,1,529_1
530,規模が大きく、激しい戦争。,1,530_1
531,勢力や威力があること。また、影響力や効力のあるさま。 ,1,531_1
531,見込みのあること。可能性の高いこと。 ,2,531_2
531,力が込もる。強い。,3,531_3
532,幕が開いて、映画・演劇などが始まること。また、始めること。 ,1,532_1
532,物事が始まること。また、始めること。,2,532_2
533,迷いを脱して真理をさとること。 ,1,533_1
533,よくないことを予測したり重大な事柄を目前にしたりして心構えをすること。,2,533_2
534,物事が進行・発展していく段階。経過の道すじ。プロセス。,1,534_1
535,決まった場所に住むこと。また、そのすまい。,1,535_1
536,起こる原因や因果関係などが予測できないこと。思いがけないこと。 ,1,536_1
536,ときおり。時々。,2,536_2
537,急激な地殻の変動、火山の爆発などで、地面が広範囲に揺れること。,1,537_1
538,事業をするもととなる金銭。 ,1,538_1
538,活動のもとになるもの。,2,538_2
539,政治上の主義や意見を同じくする者が、それらの実現を目指して組織する団体。,1,539_1
540,二つのものが互いに張り合って譲らないこと。,1,540_1
541,多数の人々。,1,541_1
542,地球の表面の広大な土地。天に対して、生活を確実に支えてくれるものとしての、地面。,1,542_1
543,通り過ぎること。 ,1,543_1
543,無事に通ること。また、議案が可決されること。,2,543_2
544,機械を動かす力。電力・水力・風力・原子力など。 ,1,544_1
544,物事を発展させ、推進する力。,2,544_2
545,農業用の薬品。殺虫・殺菌や除草などに使う。,1,545_1
546,罪をおかすこと。また、おかした罪。,1,546_1
547,戦闘において、攻撃と防御に使う道具や器具。 ,1,547_1
547,その人の持つ有力な手段のたとえ。,2,547_2
548,官庁、会社、クラブなどの組織で、部をまとめ取り仕切る人。,1,548_1
549,物質をおしつける力。 ,1,549_1
549,他人の意志をおさえつける強い力。,2,549_2
550,大気の圧力。,1,550_1
551,結びつくこと。複数の物が一つになること。 ,1,551_1
551,夫婦となる。結婚する。,2,551_2
552,おおやけに定められた方式・形式。 ,1,552_1
552,数学で、一般法則を記号で書き表した式。 ,2,552_2
552,一般法則。,3,552_3
553,個人や団体などの所有する金銭や土地など、経済的に価値を持つもの。 ,1,553_1
553,得がたく大切な事物。,2,553_2
554,軽々しく扱えないほど、大事なさま。普通でないさま。,1,554_1
555,近づくこと。間近にあること。 ,1,555_1
555,似ている。近い。近接する。大同小異だ。,2,555_2
556,地球上の広大な陸地。ユーラシア、アフリカ、南・北アメリカ、オーストラリア、南極の六大陸に分かれる。,1,556_1
557,条件や場合などにうまくあてはまること。 ,1,557_1
557,符合する。合致する。,2,557_2
558,影響が他に及んで、その結果が現れること。 ,1,558_1
558,光や色が反射して見えること。 ,2,558_2
558,報告する。 ,3,558_3
558,不平を言う。不満を表現する。批判する。忠告する。,4,558_4
559,わかれて広く存在すること。,1,559_1
560,惑星の周囲を公転する天体。地球を回る月など。 ,1,560_1
560,人工衛星。 ,2,560_2
560,中心になるものをとりまいて、密接な関係を持つもの。,3,560_3
561,はっきりと決まること。また、決めること。 ,1,561_1
561,(「確定的」の形で)明確だ。確固としている。確実だ。,2,561_2
562,気の毒だ。かわいそうだ。哀れだ。不憫だ。 ,1,562_1
562,みすぼらしい。思わしくない。 ,2,562_2
562,同情する。 ,3,562_3
562,かわいらしく、守ってやりたくなるような気持ちを起こさせる様子。愛らしい。いじらしい。,4,562_4
563,晴雨・気温・気圧・風など大気中に起こる現象。 ,1,563_1
563,気像。気迫。勢い。 ,2,563_2
563,情景。景色。姿。状況。雰囲気。 ,3,563_3
563,兆し。前兆。,4,563_4
564,当然行うべきこと。また、法律上定められた、しなければならないこと。 ,1,564_1
564,無報酬の。無料の。,2,564_2
565,物事を外から見た形や姿。ありさまや様子。 ,1,565_1
565,統一体としての機能的構造をもった枠組み。ゲシュタルト。,2,565_2
566,ある基準に基づいて、扱い方に区別をつけること。また、その区別や違い。 ,1,566_1
566,差異。異なる点。差。,2,566_2
567,物事が持っている固有の特徴。 ,1,567_1
567,(あまり良くない意味で)性格。気性。性分。 ,2,567_2
567,怒り。憤怒。,3,567_3
568,山・川・平野など地表の様子。土地の高低や傾斜などの様子。,1,568_1
569,意志や行動を決定させる直接の理由。きっかけ。,1,569_1
570,東と南との中間の方角。巽 (たつみ) 。南東。ひがしみなみ。,1,570_1
571,全てわけへだてがなく、等しいこと。,1,571_1
572,何物もおそれない強い心。勇ましい気力。,1,572_1
573,才知・武勇ともにすぐれている人。また、人にはとてもできないようなことをなしとげる人。 ,1,573_1
573,(「英雄的」の形で)英雄らしく、立派なことを成し遂げる性質。,2,573_2
574,法令・規則などを適切なものに直すこと。,1,574_1
575,理論に基づいて体系づけられた知識と研究方法の総称。学。 ,1,575_1
575,学び習うこと。知識を得るために学ぶこと。また身につけた知識。,2,575_2
576,活動の拠点となる場所。特に、軍隊・探検隊などの活動の拠点。,1,576_1
577,軍隊・軍備・戦争などに関する事柄の総称。,1,577_1
578,ある物事をする、しないを自分の意志によって決定できる資格。,1,578_1
579,重大なことが起こり、急いで対応しなければならないこと。,1,579_1
580,ひとつひとつを切り離し別にすること。 ,1,580_1
580,一部の。ごく少数の。,2,580_2
581,行い。特に、意志や目的を持ってする行い。,1,581_1
582,すでに行った行為について、あとになって悔やむこと。,1,582_1
583,帝国の君主の称号。,1,583_1
584,よりどころ。物事を成り立たせるもとになるもの。 ,1,584_1
584,事や相談、意見の根本とすること。基づく。 ,2,584_2
584,活動するための本拠。ねじろ。,3,584_3
585,食事をとる部屋。ダイニングルーム。 ,1,585_1
585,料理を出して客に食事をさせる店。,2,585_2
586,水平面・地平面に対して直角であること。 ,1,586_1
586,一つの直線または平面に、直角に交わること。,2,586_2
587,ねむること。ねむり。 ,1,587_1
587,活動をしばらくやめていること。活動休止。,2,587_2
588,力で制圧し、支配下に置くこと。 ,1,588_1
588,ある場所を占有すること。,2,588_2
589,他人の人格・見識・行為などを敬い、尊ぶこと。,1,589_1
590,事件・事故・災害などで不利益をこうむること。また、その不利益。 ,1,590_1
590,損ない傷つけること。また、損なわれだめになること。,2,590_2
591,気候区分の一つで、赤道を中心に南北の緯度二三度二七分以内の地帯。一年中暑い地帯。,1,591_1
592,限りがないこと。終わりがないこと。,1,592_1
593,さばさばとして気持ちのいいこと。また、楽しくておもしろいこと。,1,593_1
594,すぐれてりっぱなさま。,1,594_1
595,そのあたり全域。 ,1,595_1
595,ひとつらなり。ひとつづき。,2,595_2
596,物事や言葉の意味を考え、解き明かすこと。わかりやすく説明すること。また、その説明。 ,1,596_1
596,解明する。弁解する。説明する。,2,596_2
597,会社や団体などで重要な地位につき、活動の中心となる人。,1,597_1
598,空気の温度。,1,598_1
599,空の中。大気中。 ,1,599_1
599,無線放送、無線通信を通したもの。,2,599_2
600,相手の不当な言動に対し、反対の意見や要求を主張すること。また、その反対意見。,1,600_1
601,材料を加工してものを作ること。 ,1,601_1
601,目的のために前もってはたらきかけること。 ,2,601_2
601,仕事。労働。 ,3,601_3
601,任務。業務。 ,4,601_4
601,職業。働き口。,5,601_5
602,昆虫類に属する節足動物の総称。,1,602_1
603,ちぢまって小さくなること。また、ちぢめて小さくすること。,1,603_1
604,子どもが生まれること。,1,604_1
605,傷を負わせること。また、けがをすること。 ,1,605_1
605,傷つける。損傷させる。,2,605_2
606,自然に消え失せること。消し去ること。 ,1,606_1
606,なくす。隠滅する。撲滅する。,2,606_2
607,ある地域の西の方に位置する部分。 ,1,607_1
607,米国の西側の地方。,2,607_2
608,費用・時間・労力など、無駄を省き切り詰めること。,1,608_1
609,土地の表面。地表。 ,1,609_1
609,建物の底。床。 ,2,609_2
609,行政区域。地域。管内。 ,3,609_3
609,現地。当地。 ,4,609_4
609,地所。,5,609_5
610,同種のものを集めて分類・整理し、数値で表示すること。また、その数値。 ,1,610_1
610,合算。総計。,2,610_2
611,行き着くこと。ある点にとどくこと。 ,1,611_1
611,到着する。,2,611_2
612,書物を読むこと。本を読むこと。 ,1,612_1
612,勉強する。,2,612_2
613,主に農業に従事している人々が暮らす地域、村落。,1,613_1
614,ふしあわせ。幸福でないこと。 ,1,614_1
614,身内の者の死去。,2,614_2
615,武器を身につけること。戦闘の装備をすること。また、その装備。 ,1,615_1
615,あることに必要な心構えや思想、技術や装備などを十分に備えることを比喩的に言う言葉。 ,2,615_2
615,軍隊。軍事。武力。,3,615_3
616,世間一般の人々。,1,616_1
617,言葉の表す内容。わけ。意味。 ,1,617_1
617,事柄の持つ重要性。価値。,2,617_2
618,a代名b めいめい。それぞれ個人。,1,618_1
619,学問や書物の意味を説き明かすこと。また、大学の授業やその内容。 ,1,619_1
619,講義案。講義録。,2,619_2
620,数・量・図形などについて研究する学問,1,620_1
621,この世に生きていること。また、生き残ること。,1,621_1
622,ある一定の広がりを持つ地域。,1,622_1
623,物事の正しい順序。特に、社会を整った状態に保つための決まり。,1,623_1
624,軍隊の編制上の組織。 ,1,624_1
624,集団的な行動をとる人々の集団。 ,2,624_2
624,軍隊。,3,624_3
625,一つのものがわかれて、いくつかになること。,1,625_1
572,物をいれる器。いれもの。,1,572_1
627,物事についての考え。 ,1,627_1
627,あきらめること。覚悟。,2,627_2
628,ある一定の地域の気象の平均状態。温度・湿度・風速・晴雨などの長期間にわたる観測から総合したもの。 ,1,628_1
628,情勢。動向。雰囲気。環境。 ,2,628_2
628,成果。結果。成就。,3,628_3
629,刑法に基づいて処理される事柄や事件。 ,1,629_1
629,警察官の中でも、特に犯罪捜査を担当する人々。,2,629_2
630,先代の伝統、文化などを受け継ぐこと。 ,1,630_1
630,先代の地位を受け継ぐこと。 ,2,630_2
630,先代の財産・権利・義務などを受け継ぐこと。,3,630_3
631,個人や家庭の経済状態。 ,1,631_1
631,国家や地方公共団体が、収入・支出に関して行う経済活動。,2,631_2
632,数が少ないこと。,1,632_1
633,国家間で互いの権利や義務を決めた約束。また、その文書。,1,633_1
634,人間の体。,1,634_1
635,進み入ること。,1,635_1
636,簡略化していない本来の正しいやり方。規定に沿ったやり方。,1,636_1
637,電気の流れが生じる二点間の電位の差。,1,637_1
638,必ず要ること。なくてはならないこと。,1,638_1
639,目方・かさ・数などの量や程度。 ,1,639_1
639,重さ。重量。 ,2,639_2
639,重み。重量感。重要性。意義。価値。,3,639_3
640,軍隊において士官の指揮を受け、軍務に服する者。,1,640_1
641,ありふれているさま。特に、すぐれたり変わったりするところのないこと。,1,641_1
642,非常にまれにあること。万分の一。 ,1,642_1
642,もしも。万が一。 ,2,642_2
642,一万分の一。大変少ない数量。,3,642_3
643,上の人が下の者に言いつけること。また、その内容。,1,643_1
644,程度や勢いが非常にはげしいこと。 ,1,644_1
644,薬、酒などの濃度が高くて濃い。強烈である。,2,644_2
645,前もって予測した事柄を、知らせること。また、その知らせ。,1,645_1
646,物事を観察したり考察したりする場合の立場や見方。見地。,1,646_1
647,戦争に従事することを職業とする人。また、軍籍のある人の総称。,1,647_1
648,国家統治の根本的原則を定めた、最も基本となる法。,1,648_1
649,山の多い地。周囲一帯が山である地域。,1,649_1
650,存在するところ。居場所。 ,1,650_1
650,場所。所。,2,650_2
651,双方の側から相手にはたらきかけること。たがい。 ,1,651_1
651,かわるがわる。交代で。順番に。,2,651_2
652,国務総理。内閣総理大臣。,1,652_1
653,価値あるもの、尊いものとして重んじること。 ,1,653_1
653,礼儀正しい。厳粛で重みがある。,2,653_2
654,電気が導体内を流れる現象。,1,654_1
655,他の意見に賛成すること。 ,1,655_1
655,同じ意味。同義。,2,655_2
656,二つの数量の比が、他の二つの数量の比に等しいこと。正比例。 ,1,656_1
656,比重。比率。 ,2,656_2
656,比率。,3,656_3
657,わけて、くばること。配分。 ,1,657_1
657,配置する。配分する。割り当てる。,2,657_2
658,建築・建築物、工作・工作物などの材料あるいは原料として用いる木。材木。,1,658_1
